id,first_name,last_name,email,ip_address
1,Emmet,Heeley,eheeley0@irs.gov,175.117.69.167
2,Allard,Peppett,apeppett1@ted.com,11.244.28.203
3,Gloria,Clausner,gclausner2@etsy.com,89.65.234.62
4,Stephie,Suff,ssuff3@mysql.com,74.193.80.59
5,Tildi,Petrovic,tpetrovic4@unblog.fr,91.14.177.10
6,Wally,Grigorio,wgrigorio5@hc360.com,91.191.51.165
7,Di,Morl,dmorl6@topsy.com,182.71.25.193
8,Zollie,Hellens,zhellens7@zdnet.com,74.37.154.101
9,Worthy,de la Tremoille,wdelatremoille8@seattletimes.com,193.65.134.165
10,Rosene,Baguley,rbaguley9@usgs.gov,166.189.61.215
11,Benji,Powdrill,bpowdrilla@liveinternet.ru,26.8.230.39
12,Kylila,Bulger,kbulgerb@abc.net.au,123.146.58.17
13,Abramo,Perford,aperfordc@craigslist.org,185.163.153.62
14,Rubin,Wilmut,rwilmutd@nbcnews.com,41.150.243.80
15,Pablo,Scotchmur,pscotchmure@ehow.com,15.134.131.71
16,Alison,Francke,afranckef@msu.edu,10.241.10.228
17,Taddeusz,Cardwell,tcardwellg@behance.net,222.209.78.102
18,Lavina,Glassford,lglassfordh@blogspot.com,63.233.232.195
19,Nevsa,Birden,nbirdeni@wsj.com,184.79.108.57
20,Maximilien,Semered,msemeredj@domainmarket.com,230.165.199.57
21,Dita,Grzegorecki,dgrzegoreckik@businessinsider.com,122.24.86.186
22,Robby,Scourge,rscourgel@nba.com,187.44.23.107
23,Vere,Ballendine,vballendinem@bing.com,212.29.244.87
24,Carma,Tankus,ctankusn@gmpg.org,253.21.108.223
25,Cindi,Eadie,ceadieo@forbes.com,196.10.177.150
26,Demetra,Aves,davesp@furl.net,60.4.207.139
27,Brittne,Sheddan,bsheddanq@census.gov,222.229.53.46
28,Hanny,Bold,hboldr@zimbio.com,129.152.170.161
29,Carena,Linzey,clinzeys@craigslist.org,93.67.23.93
30,Antonetta,Folks,afolkst@devhub.com,35.152.49.222
31,Farrah,Branno,fbrannou@ft.com,79.101.46.191
32,Larisa,Teece,lteecev@narod.ru,78.149.34.104
33,Lon,Mardle,lmardlew@github.io,133.5.73.229
34,Thomas,Endecott,tendecottx@taobao.com,87.53.106.155
35,Angela,Stranks,astranksy@huffingtonpost.com,252.22.80.174
36,Brockie,Baudains,bbaudainsz@va.gov,38.212.227.7
37,Jaquelin,Yantsev,jyantsev10@economist.com,239.194.240.214
38,Mikey,Brisco,mbrisco11@wikispaces.com,73.32.102.5
39,Isaak,Sallis,isallis12@acquirethisname.com,9.210.87.52
40,Stewart,Spurr,sspurr13@webmd.com,241.102.157.43
41,Jorrie,Ballance,jballance14@prnewswire.com,97.18.153.36
42,Cassius,Matyatin,cmatyatin15@blog.com,109.188.69.225
43,Uta,MacMeanma,umacmeanma16@mayoclinic.com,138.57.43.115
44,Emmye,Stutard,estutard17@tmall.com,223.111.5.184
45,Adelaide,Yoxen,ayoxen18@amazon.de,191.194.233.85
46,Rance,Trethowan,rtrethowan19@nbcnews.com,229.248.26.20
47,Edmon,Sandwich,esandwich1a@is.gd,207.241.158.230
48,Richie,Borrott,rborrott1b@angelfire.com,217.235.187.250
49,Ermin,Camacke,ecamacke1c@techcrunch.com,119.99.18.115
50,Sharl,Jancso,sjancso1d@spiegel.de,24.133.139.150
51,Sander,Nappin,snappin1e@blinklist.com,168.254.153.235
52,Burgess,Wardel,bwardel1f@ftc.gov,51.162.44.220
53,Penelope,Kinnoch,pkinnoch1g@cdc.gov,168.189.156.102
54,Lief,Snazel,lsnazel1h@addthis.com,248.151.199.160
55,Kyrstin,Liebmann,kliebmann1i@examiner.com,65.94.98.117
56,Elwood,Chill,echill1j@mozilla.org,250.18.185.171
57,Shela,Vere,svere1k@elegantthemes.com,245.205.93.87
58,Edvard,Jumeau,ejumeau1l@a8.net,132.63.124.40
59,Ninette,Potes,npotes1m@nasa.gov,99.232.119.156
60,Kathrine,Sleigh,ksleigh1n@miitbeian.gov.cn,160.95.166.22
61,Kirsten,Haking,khaking1o@feedburner.com,223.123.222.74
62,Karlene,Knightly,kknightly1p@narod.ru,204.158.118.112
63,Martguerita,Stoddard,mstoddard1q@dailymotion.com,183.170.229.246
64,Emlyn,Abade,eabade1r@printfriendly.com,51.7.201.92
65,Lorelle,Neward,lneward1s@nifty.com,26.144.195.183
66,Maiga,Matthensen,mmatthensen1t@zdnet.com,21.154.123.155
67,Rennie,Lansdown,rlansdown1u@posterous.com,160.224.164.33
68,Randa,Goodenough,rgoodenough1v@china.com.cn,27.2.227.79
69,Candie,Wiles,cwiles1w@about.com,160.101.38.16
70,Ralf,Pinckstone,rpinckstone1x@msn.com,48.233.127.107
71,Catha,Rainger,crainger1y@baidu.com,201.32.81.79
72,Eden,Dimitrov,edimitrov1z@wikispaces.com,61.252.24.139
73,Shaylynn,Chazette,schazette20@123-reg.co.uk,63.249.145.98
74,Bradney,Sigart,bsigart21@unicef.org,21.199.110.211
75,Peyter,Labon,plabon22@scribd.com,77.87.231.132
76,Becka,Thomassen,bthomassen23@disqus.com,38.78.65.117
77,Angelina,Bowhay,abowhay24@about.com,29.144.50.189
78,Ario,Archambault,aarchambault25@google.co.jp,234.80.51.100
79,Durante,Joburn,djoburn26@prnewswire.com,251.118.21.185
80,Libbie,Barber,lbarber27@vimeo.com,159.77.190.150
81,Shay,Wimpey,swimpey28@51.la,255.205.1.151
82,Con,Pipe,cpipe29@histats.com,186.83.231.135
83,Ardisj,Dimsdale,adimsdale2a@eventbrite.com,100.88.153.31
84,Eldredge,Lantoph,elantoph2b@amazon.co.uk,250.245.138.213
85,Hyacinth,Ambroisin,hambroisin2c@columbia.edu,19.13.253.176
86,Kendrick,Pendleberry,kpendleberry2d@hhs.gov,199.187.157.197
87,Erich,Wasielewicz,ewasielewicz2e@4shared.com,246.246.130.77
88,Genia,Racine,gracine2f@nsw.gov.au,43.170.242.54
89,Brade,Kemmons,bkemmons2g@hhs.gov,167.219.108.151
90,Carmelle,Dubery,cdubery2h@skyrock.com,188.110.24.214
91,Salaidh,Bruhn,sbruhn2i@com.com,235.174.163.39
92,Fionna,Kubatsch,fkubatsch2j@marriott.com,1.65.158.204
93,Linnell,Wyldbore,lwyldbore2k@exblog.jp,91.86.240.70
94,Olympia,St. Clair,ostclair2l@marketwatch.com,116.208.171.236
95,Geri,Verrillo,gverrillo2m@1688.com,222.99.149.74
96,Grayce,Chitham,gchitham2n@ask.com,13.220.14.200
97,Felix,Brehaut,fbrehaut2o@marriott.com,236.14.48.35
98,Odey,Claybourn,oclaybourn2p@usa.gov,32.186.111.189
99,Marijo,Strettle,mstrettle2q@ezinearticles.com,117.155.113.127
100,Noni,Fulham,nfulham2r@businessweek.com,125.118.159.119
101,Freddy,Mazzei,fmazzei2s@fc2.com,59.15.110.137
102,Ashly,Behr,abehr2t@pinterest.com,109.64.100.245
103,Virgina,Slym,vslym2u@independent.co.uk,124.1.70.18
104,Ana,Piecha,apiecha2v@creativecommons.org,217.17.45.115
105,Tome,Bail,tbail2w@mail.ru,74.83.7.40
106,Glynnis,Suller,gsuller2x@barnesandnoble.com,50.223.80.4
107,Everard,Hoyte,ehoyte2y@acquirethisname.com,144.224.74.176
108,Cyrille,Buterton,cbuterton2z@ibm.com,8.151.130.43
109,Helga,McBean,hmcbean30@stanford.edu,244.70.126.170
110,Myrvyn,Rodder,mrodder31@earthlink.net,79.159.70.202
111,Vonny,Strafford,vstrafford32@uol.com.br,3.171.125.165
112,Renado,Tolfrey,rtolfrey33@fotki.com,95.95.69.93
113,Filip,Baynes,fbaynes34@vimeo.com,185.5.131.73
114,Abram,McGowing,amcgowing35@soundcloud.com,22.77.33.72
115,Dominik,Gowers,dgowers36@engadget.com,136.67.107.213
116,Olwen,Gueste,ogueste37@shinystat.com,164.154.13.13
117,Barnebas,Pasquale,bpasquale38@google.it,66.146.188.3
118,Mahalia,Saddler,msaddler39@washington.edu,5.105.235.217
119,Benton,Dmitrichenko,bdmitrichenko3a@zimbio.com,101.163.153.116
120,Babbette,Jakoub,bjakoub3b@who.int,41.200.127.157
121,Hilliard,Yeabsley,hyeabsley3c@comcast.net,95.234.3.209
122,Jeanelle,Strickland,jstrickland3d@stanford.edu,70.162.193.99
123,Colet,Mattersley,cmattersley3e@google.it,155.123.23.168
124,Janella,Giorgeschi,jgiorgeschi3f@mail.ru,5.251.238.153
125,Xavier,Colquete,xcolquete3g@themeforest.net,24.237.65.180
126,Kalila,Antony,kantony3h@artisteer.com,245.74.119.250
127,Raphael,Wethered,rwethered3i@rediff.com,46.155.138.232
128,Pedro,Nealand,pnealand3j@zimbio.com,65.68.43.125
129,Ferdinanda,Hun,fhun3k@goo.gl,13.60.160.151
130,Nariko,Svanetti,nsvanetti3l@cnbc.com,224.193.21.200
131,Jereme,Cornelis,jcornelis3m@samsung.com,94.62.217.231
132,Bob,Stanlike,bstanlike3n@scientificamerican.com,163.222.198.46
133,Jerri,Comer,jcomer3o@reuters.com,143.145.241.191
134,Corrinne,Gamell,cgamell3p@ocn.ne.jp,235.44.113.58
135,Ferdinand,Gillino,fgillino3q@myspace.com,188.191.45.35
136,Jessee,Mathers,jmathers3r@toplist.cz,52.146.76.23
137,Jacquetta,Malicki,jmalicki3s@google.es,139.63.216.217
138,Teressa,Doxey,tdoxey3t@elpais.com,96.176.219.206
139,Matty,Glen,mglen3u@google.com.br,91.71.228.183
140,Aksel,Carrier,acarrier3v@ibm.com,177.163.241.26
141,Orlando,Leynagh,oleynagh3w@drupal.org,111.45.14.117
142,Berri,Germaine,bgermaine3x@seesaa.net,225.8.12.90
143,Claire,Fourman,cfourman3y@archive.org,8.104.110.203
144,Marv,Addyman,maddyman3z@cnbc.com,53.129.246.248
145,Ines,MacKniely,imackniely40@skype.com,46.42.158.191
146,Hyacinthe,Featherstone,hfeatherstone41@example.com,224.86.182.116
147,Brion,Chastenet,bchastenet42@feedburner.com,206.236.56.206
148,Catlee,Curry,ccurry43@illinois.edu,135.60.7.109
149,Sharai,Sannes,ssannes44@nymag.com,110.110.216.226
150,Sanson,Scoffham,sscoffham45@reddit.com,201.143.59.177
151,Ede,Lossman,elossman46@uiuc.edu,81.129.187.60
152,Emylee,McKeran,emckeran47@jimdo.com,218.27.125.143
153,Dorena,Hamber,dhamber48@domainmarket.com,136.36.69.224
154,Thibaud,Good,tgood49@istockphoto.com,104.129.240.14
155,Sofia,Burnett,sburnett4a@furl.net,230.19.239.200
156,Codi,Cattenach,ccattenach4b@amazon.de,22.240.180.139
157,Rozanne,Semiras,rsemiras4c@behance.net,124.3.148.86
158,Muhammad,Jerosch,mjerosch4d@slashdot.org,189.30.138.55
159,Nan,Mattioni,nmattioni4e@google.com.hk,195.108.246.0
160,Von,Bamb,vbamb4f@unesco.org,189.155.190.212
161,Nicolais,Paulucci,npaulucci4g@about.com,17.227.68.246
162,Brant,Beedle,bbeedle4h@people.com.cn,110.141.193.190
163,Chloette,Kristoffersen,ckristoffersen4i@mayoclinic.com,2.236.59.56
164,Porter,Roiz,proiz4j@opera.com,210.25.186.176
165,Uriel,Bryson,ubryson4k@unicef.org,7.241.235.7
166,Robby,Mannie,rmannie4l@pcworld.com,162.237.213.25
167,Van,Pigney,vpigney4m@over-blog.com,239.108.2.139
168,Raffarty,Orsay,rorsay4n@examiner.com,111.85.255.163
169,Krishna,Eastbrook,keastbrook4o@aboutads.info,209.108.177.97
170,Claudio,Galier,cgalier4p@utexas.edu,201.245.3.251
171,Jessamine,Chatt,jchatt4q@google.it,60.69.195.215
172,Allison,Dudleston,adudleston4r@newsvine.com,219.160.197.6
173,Putnam,Flippelli,pflippelli4s@chron.com,119.81.116.63
174,Boris,Gurdon,bgurdon4t@census.gov,80.14.202.210
175,Boot,Gorgen,bgorgen4u@geocities.jp,114.8.210.46
176,Aurlie,Juorio,ajuorio4v@cbsnews.com,139.84.85.192
177,Josee,Fossord,jfossord4w@rakuten.co.jp,85.205.85.103
178,Guillemette,Houlson,ghoulson4x@google.ca,52.98.39.221
179,Xever,Leather,xleather4y@yahoo.co.jp,26.130.86.83
180,Stephani,Rickesies,srickesies4z@desdev.cn,98.71.38.225
181,Elyssa,Bilham,ebilham50@nyu.edu,66.181.200.78
182,Olympia,Fishly,ofishly51@booking.com,90.64.253.12
183,Corissa,Meir,cmeir52@reuters.com,68.46.224.148
184,Etty,Wilcox,ewilcox53@squidoo.com,233.108.52.46
185,Gertrud,Rembrandt,grembrandt54@rakuten.co.jp,31.92.220.215
186,Tracie,Morrid,tmorrid55@diigo.com,40.32.10.5
187,Janey,Koubu,jkoubu56@multiply.com,67.71.171.15
188,Brenda,Whiffen,bwhiffen57@nps.gov,9.115.239.196
189,Omero,Corradetti,ocorradetti58@gravatar.com,98.45.163.93
190,Mal,Beevor,mbeevor59@loc.gov,60.58.82.149
191,Jana,Stapells,jstapells5a@hatena.ne.jp,78.125.243.94
192,Nola,Brisker,nbrisker5b@bravesites.com,87.146.117.87
193,Adrian,Streatfeild,astreatfeild5c@smh.com.au,3.174.10.135
194,Rafaelita,Nealand,rnealand5d@washingtonpost.com,87.244.115.85
195,Anstice,Pavlishchev,apavlishchev5e@si.edu,70.90.247.131
196,Padraig,Gwatkin,pgwatkin5f@pen.io,194.175.214.166
197,Ignaz,Loosley,iloosley5g@nydailynews.com,187.83.132.59
198,Eleanor,Stabler,establer5h@wsj.com,1.122.212.43
199,Jules,Bridger,jbridger5i@acquirethisname.com,144.8.171.159
200,Thoma,Pickerell,tpickerell5j@pagesperso-orange.fr,199.198.145.3
201,Alameda,Philipet,aphilipet5k@de.vu,51.150.63.91
202,Berkie,Goulder,bgoulder5l@simplemachines.org,133.24.176.205
203,Kylen,McClintock,kmcclintock5m@ustream.tv,119.124.179.102
204,Mateo,Coutthart,mcoutthart5n@w3.org,192.19.3.212
205,Faber,Ortzen,fortzen5o@youtu.be,251.176.83.101
206,Eberhard,MacNally,emacnally5p@tinypic.com,100.142.28.26
207,Sanford,Kilday,skilday5q@homestead.com,131.190.239.201
208,Faythe,MacCoveney,fmaccoveney5r@comcast.net,248.143.77.240
209,Luther,Thorwarth,lthorwarth5s@biblegateway.com,26.197.174.122
210,Coletta,Dilland,cdilland5t@va.gov,251.6.55.80
211,Julie,Keslake,jkeslake5u@skype.com,164.86.40.226
212,Gradey,Hayland,ghayland5v@weebly.com,157.209.173.63
213,Ardenia,Denton,adenton5w@e-recht24.de,142.210.185.75
214,Padriac,Nudds,pnudds5x@wired.com,55.239.38.72
215,Lise,Samett,lsamett5y@tuttocitta.it,39.49.50.61
216,Sonnie,Kisbee,skisbee5z@time.com,61.43.118.115
217,Artie,McVity,amcvity60@ted.com,108.235.179.178
218,Carmon,Ladlow,cladlow61@home.pl,237.43.224.142
219,Nadine,Beaumont,nbeaumont62@google.co.jp,245.128.168.193
220,Cheston,Goodison,cgoodison63@360.cn,84.1.224.219
221,Quinton,Baddeley,qbaddeley64@auda.org.au,96.148.32.108
222,Corey,Oldham,coldham65@berkeley.edu,220.193.30.157
223,Thatch,Kaubisch,tkaubisch66@weebly.com,153.22.212.39
224,Janie,Keese,jkeese67@geocities.jp,119.177.146.147
225,Kippy,De Angelo,kdeangelo68@blinklist.com,207.53.23.119
226,Ingaborg,Wytchard,iwytchard69@webeden.co.uk,105.198.126.105
227,Charlot,Bog,cbog6a@hud.gov,9.136.116.116
228,Huey,Schnitter,hschnitter6b@hibu.com,142.100.210.248
229,Quinton,Camosso,qcamosso6c@uol.com.br,210.12.249.24
230,Robert,Whittenbury,rwhittenbury6d@webs.com,46.220.77.170
231,Hans,Traviss,htraviss6e@reverbnation.com,6.195.100.27
232,Tate,Cheesman,tcheesman6f@cisco.com,134.150.167.121
233,Karie,Boorne,kboorne6g@oakley.com,219.86.122.107
234,Aeriel,Bryett,abryett6h@printfriendly.com,22.1.71.7
235,Mirna,Cammis,mcammis6i@nymag.com,255.145.123.44
236,Tristan,Lamp,tlamp6j@sphinn.com,50.199.16.72
237,Eolanda,Thackham,ethackham6k@unesco.org,103.82.128.0
238,Cassius,Robertelli,crobertelli6l@nature.com,184.6.57.105
239,Reagan,Wibrew,rwibrew6m@tripadvisor.com,211.233.216.136
240,Derwin,Haddrell,dhaddrell6n@epa.gov,228.26.43.115
241,Anette,Chandler,achandler6o@nature.com,155.92.144.42
242,Marita,Shimmans,mshimmans6p@chronoengine.com,34.81.20.5
243,Tuesday,McEniry,tmceniry6q@feedburner.com,83.206.8.155
244,Stepha,Pogue,spogue6r@umn.edu,248.6.116.177
245,Nessie,Southby,nsouthby6s@tuttocitta.it,185.86.190.152
246,Antoinette,Beardsley,abeardsley6t@symantec.com,231.73.165.36
247,Clovis,Vick,cvick6u@cbc.ca,171.151.28.254
248,Hilly,Janauschek,hjanauschek6v@cdc.gov,143.56.118.194
249,Adan,Eldin,aeldin6w@51.la,224.187.105.41
250,Griswold,Salt,gsalt6x@bluehost.com,3.20.252.107
251,Jorrie,Luby,jluby6y@arizona.edu,56.28.179.219
252,Antony,McArd,amcard6z@washington.edu,4.166.204.250
253,Emilia,Burgisi,eburgisi70@nasa.gov,174.77.35.52
254,Waylon,Jacobowits,wjacobowits71@bizjournals.com,143.197.32.2
255,Gothart,Mulvenna,gmulvenna72@163.com,91.49.44.247
256,Dore,Littlejohns,dlittlejohns73@ning.com,112.47.69.214
257,Rodney,Schrir,rschrir74@dagondesign.com,242.217.7.127
258,Tessie,Clowton,tclowton75@umn.edu,237.93.18.85
259,Muffin,Archibald,marchibald76@illinois.edu,233.112.112.88
260,Colas,Pietranek,cpietranek77@indiatimes.com,81.82.6.25
261,Brigitta,O'Heagertie,boheagertie78@house.gov,210.103.149.11
262,Marcile,Telford,mtelford79@opera.com,35.239.62.208
263,Micheal,Davidek,mdavidek7a@ow.ly,231.109.201.211
264,Zoe,Ronan,zronan7b@cdbaby.com,211.24.217.151
265,Kesley,Creasey,kcreasey7c@nbcnews.com,11.146.213.79
266,Mireielle,Greydon,mgreydon7d@smugmug.com,222.101.72.57
267,Arliene,Rentoll,arentoll7e@ycombinator.com,38.20.42.6
268,Matthiew,Burland,mburland7f@telegraph.co.uk,185.217.100.145
269,Horatia,Abramchik,habramchik7g@skype.com,170.93.152.39
270,Granny,Cattle,gcattle7h@nymag.com,145.147.89.147
271,Adolphus,Wimpey,awimpey7i@surveymonkey.com,98.95.120.243
272,Darda,Whitbread,dwhitbread7j@washingtonpost.com,116.48.69.151
273,Raynell,Bentote,rbentote7k@theguardian.com,189.241.26.123
274,Rockwell,Nitto,rnitto7l@de.vu,84.34.139.172
275,Georgianna,Trank,gtrank7m@google.co.jp,81.197.124.37
276,Riccardo,Hindshaw,rhindshaw7n@yale.edu,133.38.3.229
277,Cornie,Blunderfield,cblunderfield7o@blog.com,119.28.15.103
278,Cleo,Matejovsky,cmatejovsky7p@discuz.net,127.30.230.241
279,Tuckie,Jaime,tjaime7q@wunderground.com,89.1.162.77
280,Margaretta,Scurrah,mscurrah7r@indiegogo.com,84.37.132.9
281,Kerry,Mc Gaughey,kmcgaughey7s@msu.edu,87.168.96.172
282,Jesse,Pepi,jpepi7t@multiply.com,90.15.127.227
283,Allyn,Blitz,ablitz7u@blogs.com,159.175.251.33
284,Ronny,Broose,rbroose7v@hatena.ne.jp,190.148.52.87
285,Janek,Teenan,jteenan7w@nih.gov,205.117.54.240
286,Hervey,Topp,htopp7x@cbsnews.com,90.228.126.232
287,Liam,Jako,ljako7y@timesonline.co.uk,63.116.1.91
288,Gabriele,Oxlee,goxlee7z@t.co,100.231.229.5
289,Mose,Sunter,msunter80@cbc.ca,239.30.39.76
290,Hamil,Norwood,hnorwood81@ycombinator.com,197.251.133.137
291,Anne,Vice,avice82@drupal.org,93.41.252.95
292,Joya,Cockett,jcockett83@xrea.com,168.231.153.83
293,Esmaria,Falco,efalco84@dailymail.co.uk,185.6.126.219
294,Even,Yalden,eyalden85@artisteer.com,155.140.17.171
295,Gillan,Ferier,gferier86@posterous.com,60.185.187.178
296,Beniamino,Maleck,bmaleck87@techcrunch.com,188.105.212.101
297,Darda,Anslow,danslow88@printfriendly.com,57.99.232.116
298,Oswald,Yacob,oyacob89@mediafire.com,42.42.104.133
299,Naoma,Gadie,ngadie8a@sphinn.com,252.131.162.19
300,Amelie,Dewerson,adewerson8b@meetup.com,171.233.120.57
301,Cornie,Ible,cible8c@admin.ch,66.234.83.38
302,Xavier,Alam,xalam8d@yolasite.com,202.200.128.165
303,Sylvia,Bromehed,sbromehed8e@altervista.org,100.211.234.175
304,Aaren,Tumpane,atumpane8f@sciencedaily.com,201.59.107.76
305,Marco,Baudy,mbaudy8g@altervista.org,37.64.145.142
306,Jarid,Epple,jepple8h@wufoo.com,144.63.35.165
307,Lynda,Beardshall,lbeardshall8i@friendfeed.com,242.236.112.39
308,Augustine,Speakman,aspeakman8j@unicef.org,25.189.169.48
309,Dalia,Gallager,dgallager8k@ucoz.ru,235.91.226.215
310,Sarena,Hasloch,shasloch8l@ed.gov,48.94.136.239
311,Ainslie,Delort,adelort8m@businesswire.com,193.209.109.68
312,Lemar,Arnoll,larnoll8n@barnesandnoble.com,36.173.55.2
313,Maitilde,Hatto,mhatto8o@squidoo.com,16.185.110.108
314,Cindi,Reicherz,creicherz8p@amazonaws.com,197.49.122.116
315,Darn,Shevlan,dshevlan8q@upenn.edu,248.86.128.174
316,Balduin,Henken,bhenken8r@stanford.edu,253.82.127.6
317,Dorey,Riolfo,driolfo8s@phpbb.com,128.151.170.84
318,Alvan,Ugolotti,augolotti8t@canalblog.com,229.250.161.98
319,Jock,Lampl,jlampl8u@youku.com,29.209.11.103
320,Anette,Quipp,aquipp8v@disqus.com,254.208.108.178
321,Clarissa,Eberts,ceberts8w@ox.ac.uk,7.85.208.53
322,Glynn,Copsey,gcopsey8x@mysql.com,201.43.67.187
323,Jo,Woodhall,jwoodhall8y@weebly.com,28.83.68.152
324,Corrie,Cumine,ccumine8z@live.com,224.237.59.56
325,Herbert,Caldera,hcaldera90@themeforest.net,31.86.11.206
326,Rourke,Killick,rkillick91@craigslist.org,126.52.48.143
327,Hilton,Woodthorpe,hwoodthorpe92@facebook.com,213.105.21.43
328,Onfre,Tennant,otennant93@google.com.br,22.91.166.105
329,Kenneth,de Nore,kdenore94@google.com,53.225.233.243
330,Georgie,Strute,gstrute95@addthis.com,70.56.132.100
331,Daryle,Whatson,dwhatson96@xing.com,174.126.168.103
332,Lynette,Hamnett,lhamnett97@businessweek.com,147.226.31.211
333,Gil,Pickance,gpickance98@bandcamp.com,29.64.199.243
334,Gaynor,Giottini,ggiottini99@cnn.com,0.170.60.175
335,Padraig,Roston,proston9a@yandex.ru,239.18.69.212
336,Lia,Chittem,lchittem9b@mac.com,123.115.53.147
337,Obadias,Westcott,owestcott9c@fema.gov,44.2.81.49
338,Kaila,Scoular,kscoular9d@scientificamerican.com,236.233.42.221
339,Merrel,Abazi,mabazi9e@samsung.com,116.241.155.93
340,Masha,O'Tuohy,motuohy9f@vk.com,217.37.80.62
341,Waylen,Connaughton,wconnaughton9g@drupal.org,14.137.223.123
342,Cassius,McCarthy,cmccarthy9h@parallels.com,125.149.30.251
343,Lanni,Von Gladbach,lvongladbach9i@t.co,201.148.187.101
344,Thaddus,Duell,tduell9j@forbes.com,55.76.247.77
345,Benyamin,Shay,bshay9k@cargocollective.com,180.33.119.175
346,Elias,Johnsson,ejohnsson9l@netlog.com,243.75.157.140
347,Ivor,Wilhelmy,iwilhelmy9m@mac.com,114.196.134.247
348,Abagail,Vosper,avosper9n@t-online.de,162.251.158.174
349,Em,Lathaye,elathaye9o@blogs.com,166.60.79.168
350,Cristabel,Mann,cmann9p@reverbnation.com,131.86.10.150
351,Kassi,von Hagt,kvonhagt9q@columbia.edu,44.180.203.157
352,Tabby,Franz,tfranz9r@exblog.jp,126.138.240.47
353,Elspeth,Simonazzi,esimonazzi9s@fda.gov,249.185.197.106
354,Lula,Perutto,lperutto9t@forbes.com,104.98.1.107
355,Salmon,Stoeck,sstoeck9u@gnu.org,201.175.151.76
356,Rollins,Stroulger,rstroulger9v@infoseek.co.jp,82.20.196.72
357,Aila,Hanfrey,ahanfrey9w@nationalgeographic.com,185.85.249.134
358,Keith,Vango,kvango9x@ow.ly,229.120.95.64
359,Augie,Lettley,alettley9y@ox.ac.uk,93.235.33.198
360,Truda,Birdseye,tbirdseye9z@va.gov,126.48.203.66
361,Francis,Audley,faudleya0@vkontakte.ru,80.219.197.162
362,Carlynn,Strathern,cstratherna1@addtoany.com,185.233.140.61
363,Fredericka,Cauldfield,fcauldfielda2@time.com,49.212.200.155
364,Germain,Ferson,gfersona3@hp.com,146.98.68.172
365,Eba,Olner,eolnera4@wufoo.com,40.112.246.59
366,Bald,Caisley,bcaisleya5@ycombinator.com,76.41.113.61
367,Harbert,Ingilson,hingilsona6@ameblo.jp,199.232.68.191
368,Millicent,Ruddin,mruddina7@rambler.ru,30.165.54.119
369,Jobi,Collum,jcolluma8@shutterfly.com,220.98.229.207
370,Kassi,Antoshin,kantoshina9@senate.gov,146.61.14.136
371,Broddy,Cherrett,bcherrettaa@ucsd.edu,225.215.62.30
372,Leta,Link,llinkab@shutterfly.com,223.146.160.120
373,Aloisia,Feeham,afeehamac@statcounter.com,177.87.140.85
374,Martyn,Lodford,mlodfordad@oracle.com,111.242.215.91
375,Willem,Pollen,wpollenae@example.com,17.225.209.51
376,Laraine,Ranfield,lranfieldaf@hc360.com,152.198.65.139
377,Addie,Tayloe,atayloeag@squidoo.com,155.88.4.82
378,Mandel,Oley,moleyah@vimeo.com,245.234.112.8
379,Timmie,Filipyev,tfilipyevai@taobao.com,125.94.181.35
380,Rheta,Flowerdew,rflowerdewaj@redcross.org,76.36.94.141
381,Harry,Forsard,hforsardak@sina.com.cn,197.222.161.63
382,Bellina,Halwill,bhalwillal@phoca.cz,114.113.28.205
383,Caril,Petford,cpetfordam@cargocollective.com,146.65.194.236
384,Sylvia,Reubbens,sreubbensan@umich.edu,230.85.10.160
385,Velvet,Spaunton,vspauntonao@army.mil,223.144.171.126
386,Roseanna,Spratt,rsprattap@sphinn.com,119.13.144.58
387,Allx,Ragles,araglesaq@shutterfly.com,125.158.127.17
388,Ignacius,Sleep,isleepar@jalbum.net,183.215.123.235
389,Bevon,Ohm,bohmas@google.cn,186.87.95.186
390,Sigfried,Minkin,sminkinat@dyndns.org,193.159.210.83
391,Johny,Berndsen,jberndsenau@aol.com,84.155.63.107
392,Kaylyn,Hagger,khaggerav@aol.com,6.235.44.7
393,Brook,Rivenzon,brivenzonaw@mac.com,84.91.59.206
394,Flinn,Shubotham,fshubothamax@tiny.cc,177.47.232.47
395,Anestassia,Bothwell,abothwellay@1688.com,170.170.160.27
396,Rudy,Rushmare,rrushmareaz@hexun.com,70.40.77.117
397,Isabeau,Allison,iallisonb0@hibu.com,92.207.237.11
398,Tansy,Sueter,tsueterb1@ftc.gov,44.65.193.134
399,Iolanthe,Ainsley,iainsleyb2@seesaa.net,212.134.47.162
400,Fabio,Menier,fmenierb3@seattletimes.com,126.250.198.107
401,Jenilee,Loiterton,jloitertonb4@cocolog-nifty.com,54.235.229.183
402,Gavra,Simondson,gsimondsonb5@domainmarket.com,192.110.95.254
403,Merwin,Pidgley,mpidgleyb6@answers.com,98.53.55.242
404,Borg,Forlonge,bforlongeb7@mediafire.com,133.156.78.10
405,Ronny,Dingley,rdingleyb8@amazon.co.jp,125.218.158.136
406,Vicki,Cordoba,vcordobab9@sphinn.com,198.250.11.96
407,Madel,Dymock,mdymockba@friendfeed.com,107.168.153.132
408,Moise,Leeman,mleemanbb@ocn.ne.jp,181.253.84.51
409,Briney,Elkington,belkingtonbc@accuweather.com,51.203.228.11
410,Sarge,Coche,scochebd@1688.com,185.4.218.139
411,Carmelita,Stenning,cstenningbe@virginia.edu,231.75.140.24
412,Elvera,Bielfelt,ebielfeltbf@wisc.edu,55.112.217.216
413,Cozmo,Cranshaw,ccranshawbg@theguardian.com,42.189.134.127
414,Bennie,Travers,btraversbh@usnews.com,109.94.48.252
415,Gaylord,Cristou,gcristoubi@springer.com,13.9.201.197
416,Laura,Boken,lbokenbj@amazon.de,65.22.18.69
417,Bernette,Febry,bfebrybk@examiner.com,166.35.2.226
418,Vance,Ladell,vladellbl@bloomberg.com,64.217.139.212
419,Danica,Bolgar,dbolgarbm@domainmarket.com,85.214.234.149
420,Nellie,Fordy,nfordybn@sogou.com,236.64.139.18
421,Francene,Heims,fheimsbo@cyberchimps.com,199.164.19.245
422,Kingsly,Arangy,karangybp@cpanel.net,220.74.14.170
423,Arv,Courtliff,acourtliffbq@samsung.com,176.153.12.80
424,Fawn,Lucock,flucockbr@wunderground.com,232.43.125.73
425,Karole,Klassmann,kklassmannbs@msu.edu,235.14.166.38
426,Philippa,Van Rembrandt,pvanrembrandtbt@sun.com,142.45.184.162
427,Skipp,Pancost,spancostbu@dell.com,108.103.10.44
428,Esme,Eary,eearybv@wisc.edu,48.92.33.8
429,Harper,Leamon,hleamonbw@smh.com.au,1.18.183.63
430,Angela,Karpf,akarpfbx@latimes.com,218.146.91.220
431,Therine,Ilem,tilemby@eventbrite.com,200.247.27.98
432,Carver,Eastwell,ceastwellbz@youku.com,244.181.173.226
433,Merry,Barfoot,mbarfootc0@latimes.com,243.184.218.96
434,Ogdon,Franc,ofrancc1@mysql.com,22.6.49.106
435,Odell,Patterson,opattersonc2@examiner.com,226.179.154.175
436,Aviva,Cowherd,acowherdc3@opera.com,79.133.71.117
437,Rachel,Gauntley,rgauntleyc4@narod.ru,125.15.19.250
438,Lethia,Pedersen,lpedersenc5@jugem.jp,214.26.21.37
439,Ketty,Dymick,kdymickc6@webnode.com,47.145.213.78
440,Ulrika,Tuminini,utumininic7@youku.com,134.162.90.223
441,Adam,Dumingos,adumingosc8@1und1.de,172.146.62.200
442,Katinka,Sneddon,ksneddonc9@a8.net,236.101.253.204
443,Robers,Schwander,rschwanderca@infoseek.co.jp,140.186.181.252
444,Morgun,Malley,mmalleycb@dailymail.co.uk,180.216.240.212
445,Ianthe,Bonifacio,ibonifaciocc@reuters.com,100.88.136.130
446,Bernard,Wadesworth,bwadesworthcd@blogtalkradio.com,124.59.33.75
447,Carlie,Pegden,cpegdence@seesaa.net,246.159.139.178
448,Kris,Buston,kbustoncf@imdb.com,164.213.14.2
449,Ellynn,Domerque,edomerquecg@squidoo.com,173.240.64.61
450,Roselle,Donnel,rdonnelch@hhs.gov,106.4.83.120
451,Carly,Curbishley,ccurbishleyci@google.it,43.215.100.49
452,Creigh,Klulik,cklulikcj@cam.ac.uk,49.251.209.31
453,Burtie,Hovell,bhovellck@4shared.com,99.159.177.118
454,Toma,Coan,tcoancl@kickstarter.com,55.72.80.8
455,Dusty,Joire,djoirecm@comsenz.com,5.58.10.134
456,Sydelle,Truter,strutercn@google.it,133.204.139.239
457,Alec,Gayle,agayleco@sphinn.com,133.93.226.194
458,Miguelita,Symper,msympercp@bravesites.com,157.123.193.139
459,Cy,Traite,ctraitecq@eventbrite.com,4.53.93.37
460,Zena,Bilovsky,zbilovskycr@shinystat.com,255.164.217.79
461,Judith,Lenham,jlenhamcs@wisc.edu,224.11.170.49
462,Rick,MacNeachtain,rmacneachtainct@springer.com,168.65.50.197
463,Cherey,Hartell,chartellcu@webmd.com,182.210.31.147
464,Kristel,Bunclark,kbunclarkcv@4shared.com,110.200.1.86
465,Dirk,Tomankowski,dtomankowskicw@dot.gov,68.250.138.46
466,Umberto,Mainson,umainsoncx@xinhuanet.com,190.25.150.58
467,Mirabella,Gerin,mgerincy@dropbox.com,38.53.177.0
468,Dorian,Damsell,ddamsellcz@slideshare.net,209.171.191.216
469,Loise,MacLaren,lmaclarend0@joomla.org,198.188.123.228
470,Kristi,Richard,krichardd1@nps.gov,179.236.209.219
471,Jania,Dorton,jdortond2@zimbio.com,243.248.175.57
472,Dillie,Benoist,dbenoistd3@mashable.com,23.40.60.121
473,Illa,Lightbowne,ilightbowned4@google.it,104.111.168.146
474,Friederike,Richardeau,frichardeaud5@sphinn.com,199.27.60.38
475,Cherye,Schwartz,cschwartzd6@newyorker.com,72.38.238.206
476,Trueman,Sheryn,tsherynd7@huffingtonpost.com,250.41.26.234
477,Babs,Roughsedge,broughsedged8@unicef.org,65.6.0.142
478,Dorella,Jorin,djorind9@miitbeian.gov.cn,92.203.200.118
479,Jodie,Showler,jshowlerda@123-reg.co.uk,101.134.193.17
480,Fielding,Llorente,fllorentedb@time.com,204.137.180.150
481,Lauretta,Del Dello,ldeldellodc@blogspot.com,63.22.149.56
482,Hillery,Dealey,hdealeydd@nhs.uk,212.106.231.218
483,Irena,Pettis,ipettisde@europa.eu,212.209.101.158
484,Lynea,Murphey,lmurpheydf@privacy.gov.au,27.45.166.184
485,Monro,Kays,mkaysdg@eepurl.com,143.40.36.57
486,Shari,Pyrke,spyrkedh@smugmug.com,36.188.17.102
487,Darci,Wodeland,dwodelanddi@list-manage.com,75.112.93.153
488,Artie,Juanes,ajuanesdj@posterous.com,101.68.215.5
489,Flor,O' Hogan,fohogandk@springer.com,141.13.152.28
490,Joyan,Eates,jeatesdl@adobe.com,133.117.154.98
491,Stefania,Chree,schreedm@123-reg.co.uk,177.150.89.205
492,Persis,Aleksandrikin,paleksandrikindn@google.nl,109.108.238.10
493,Leanna,Rubinov,lrubinovdo@who.int,25.230.8.171
494,Arman,Quilligan,aquilligandp@netlog.com,250.179.206.118
495,Goddard,Cassell,gcasselldq@myspace.com,98.31.175.51
496,Janine,Talloe,jtalloedr@indiegogo.com,119.228.89.250
497,Ricky,Wimsett,rwimsettds@over-blog.com,13.118.92.235
498,Hillery,Downage,hdownagedt@g.co,188.236.223.180
499,Joyan,Ferry,jferrydu@telegraph.co.uk,98.183.17.5
500,Gerrie,Christophers,gchristophersdv@bizjournals.com,50.196.244.119
501,Gretel,Stout,gstoutdw@wikimedia.org,241.118.182.131
502,Carolin,Druitt,cdruittdx@illinois.edu,189.19.193.223
503,Garek,Vedeniktov,gvedeniktovdy@sohu.com,16.158.81.170
504,Vin,Konzelmann,vkonzelmanndz@amazon.de,41.99.106.170
505,Phyllys,Dubery,pduberye0@archive.org,90.159.59.25
506,Lilllie,Burgiss,lburgisse1@phpbb.com,207.238.115.44
507,Chelsy,Tierny,ctiernye2@youku.com,10.69.1.174
508,Genna,Falkingham,gfalkinghame3@live.com,37.208.134.32
509,Zerk,Ferrillio,zferrillioe4@tinyurl.com,45.96.138.57
510,Tybie,Soame,tsoamee5@networkadvertising.org,134.16.220.227
511,Octavius,Dufton,oduftone6@macromedia.com,170.117.234.211
512,Kathryne,Stubbin,kstubbine7@engadget.com,140.149.142.63
513,Abagail,ffrench Beytagh,affrenchbeytaghe8@google.de,232.220.15.164
514,Hadrian,Haddick,hhaddicke9@opera.com,162.86.169.41
515,Melany,Hinkins,mhinkinsea@usa.gov,38.90.155.74
516,Gris,Smithson,gsmithsoneb@microsoft.com,75.24.181.116
517,Mendy,Tremblot,mtremblotec@yolasite.com,62.183.163.251
518,Frankie,Nussey,fnusseyed@rediff.com,226.243.166.221
519,Maggee,Sprakes,msprakesee@moonfruit.com,211.189.205.30
520,Bogey,Tardiff,btardiffef@lycos.com,8.117.123.65
521,Harrietta,Judgkins,hjudgkinseg@etsy.com,215.131.215.29
522,Tadeo,Major,tmajoreh@wikipedia.org,157.177.157.167
523,Kirbie,Mordey,kmordeyei@dyndns.org,204.43.213.136
524,Tracie,Barreau,tbarreauej@wix.com,44.26.8.232
525,Rusty,Beales,rbealesek@alexa.com,122.255.244.142
526,Zaccaria,Richemont,zrichemontel@de.vu,181.206.50.179
527,Olenka,Corder,ocorderem@homestead.com,123.112.33.3
528,Carina,Burger,cburgeren@prweb.com,25.193.69.21
529,Yank,Coales,ycoaleseo@weather.com,201.178.153.136
530,Myles,Cork,mcorkep@un.org,84.217.123.101
531,Eddi,Dunthorn,edunthorneq@java.com,224.159.19.31
532,Deerdre,Girauld,dgiraulder@discovery.com,215.223.136.245
533,Sonny,Ramplee,srampleees@bizjournals.com,220.191.231.110
534,Myrilla,Penfold,mpenfoldet@home.pl,91.115.185.150
535,Albina,Hempel,ahempeleu@live.com,253.24.227.45
536,Saba,Danielovitch,sdanielovitchev@hostgator.com,72.57.239.188
537,Rayna,Petrolli,rpetrolliew@ameblo.jp,110.187.153.27
538,Cort,Bartolijn,cbartolijnex@infoseek.co.jp,106.111.167.154
539,Grace,Rysom,grysomey@list-manage.com,59.65.44.223
540,Hedwiga,Hatliffe,hhatliffeez@networkadvertising.org,64.61.148.239
541,Gal,Pepon,gpeponf0@myspace.com,167.176.75.46
542,Ripley,Crangle,rcranglef1@stumbleupon.com,120.251.172.90
543,Ricard,Lant,rlantf2@uiuc.edu,38.28.101.167
544,Marleah,McKew,mmckewf3@addthis.com,243.170.77.223
545,Malanie,McIlwrath,mmcilwrathf4@spiegel.de,201.215.45.142
546,Bartholomeo,Egdale,begdalef5@google.fr,9.235.94.159
547,Shelagh,Bodemeaid,sbodemeaidf6@salon.com,185.221.84.89
548,Leontyne,Riddler,lriddlerf7@msn.com,82.153.111.28
549,Scotti,Taffarello,staffarellof8@walmart.com,10.43.221.141
550,Neils,Farran,nfarranf9@dell.com,161.252.121.35
551,Hughie,Kensall,hkensallfa@wordpress.org,91.23.65.200
552,Rodina,Vaszoly,rvaszolyfb@senate.gov,6.210.200.70
553,Cully,Sirette,csirettefc@com.com,175.199.74.182
554,Fitz,Sinyard,fsinyardfd@yellowbook.com,182.131.174.116
555,Vania,Voice,vvoicefe@nhs.uk,61.47.95.45
556,Duane,Leere,dleereff@scribd.com,69.128.54.254
557,Letisha,Dillow,ldillowfg@topsy.com,186.10.139.89
558,Vivien,Aviss,vavissfh@google.com.br,81.84.74.45
559,Garnette,Leslie,glesliefi@aol.com,229.77.160.130
560,Hedwig,Juorio,hjuoriofj@google.ca,8.201.19.107
561,Emlynn,Eyers,eeyersfk@fotki.com,70.167.5.58
562,Daune,Kingsnorth,dkingsnorthfl@huffingtonpost.com,156.27.207.19
563,Nelie,Saull,nsaullfm@youtube.com,48.67.143.66
564,Cross,Copplestone,ccopplestonefn@booking.com,138.165.17.47
565,Foster,Gate,fgatefo@addthis.com,156.118.40.248
566,Worth,Pickavance,wpickavancefp@youtu.be,206.188.73.213
567,Susan,Tulip,stulipfq@feedburner.com,52.153.71.35
568,Skipper,Folkerd,sfolkerdfr@nba.com,151.152.236.237
569,Torrin,Curro,tcurrofs@amazonaws.com,32.167.155.40
570,Inness,Hurnell,ihurnellft@yahoo.co.jp,152.123.251.127
571,Ariel,Koopman,akoopmanfu@163.com,105.197.138.200
572,Elayne,Willcocks,ewillcocksfv@storify.com,216.57.45.9
573,Garrot,Simionato,gsimionatofw@ezinearticles.com,189.19.181.247
574,Aleen,Rennocks,arennocksfx@nyu.edu,118.199.111.47
575,Dynah,Boutcher,dboutcherfy@vistaprint.com,62.37.155.87
576,Keefer,Sonner,ksonnerfz@slashdot.org,61.40.183.93
577,Kalindi,Braycotton,kbraycottong0@theguardian.com,136.211.155.94
578,Raimondo,Ruste,rrusteg1@usgs.gov,100.90.41.224
579,Peria,Geany,pgeanyg2@skyrock.com,28.49.235.222
580,Rupert,Freda,rfredag3@walmart.com,88.205.218.161
581,Bobinette,Maddams,bmaddamsg4@youtube.com,135.133.128.2
582,Bing,Dillway,bdillwayg5@cbc.ca,95.180.227.81
583,Baron,Brewster,bbrewsterg6@nih.gov,9.203.50.130
584,Margit,Reade,mreadeg7@aboutads.info,133.225.235.61
585,Georges,Humber,ghumberg8@twitpic.com,76.119.151.217
586,Marysa,Jerrems,mjerremsg9@amazon.com,224.198.93.173
587,Breena,Corkish,bcorkishga@paypal.com,247.190.203.36
588,Elva,Gannan,egannangb@1und1.de,183.37.151.192
589,Miran,Sturt,msturtgc@webs.com,215.63.12.39
590,Catharina,Fardo,cfardogd@tiny.cc,153.9.103.58
591,Jodie,Tanton,jtantonge@cmu.edu,208.238.22.77
592,Gabriele,Shropshire,gshropshiregf@ameblo.jp,232.89.158.181
593,Gretna,Girdler,ggirdlergg@columbia.edu,146.222.163.219
594,Ernestus,Spary,esparygh@lycos.com,206.70.221.46
595,Bethany,Schermick,bschermickgi@ow.ly,159.111.210.48
596,Opaline,Flawn,oflawngj@joomla.org,61.130.27.210
597,Broddie,Vannuchi,bvannuchigk@shutterfly.com,73.105.40.176
598,Filmer,Cloonan,fcloonangl@deviantart.com,6.205.146.134
599,Laural,Ceaser,lceasergm@photobucket.com,11.78.80.59
600,Karrie,Nisbet,knisbetgn@taobao.com,87.157.94.215
601,Vince,Proback,vprobackgo@jiathis.com,147.13.161.216
602,Xylina,Conaboy,xconaboygp@usa.gov,38.237.145.48
603,Judd,Leathwood,jleathwoodgq@plala.or.jp,247.126.23.194
604,Salomo,Eppson,seppsongr@tuttocitta.it,83.3.107.223
605,Dodi,Gates,dgatesgs@odnoklassniki.ru,250.42.133.207
606,Hayward,Kaesmakers,hkaesmakersgt@examiner.com,16.250.93.41
607,Wright,Hedditch,whedditchgu@hubpages.com,208.137.122.85
608,Bonni,MacKeague,bmackeaguegv@economist.com,50.254.148.125
609,Laurena,Rainforth,lrainforthgw@weibo.com,30.57.182.19
610,Idell,Donnan,idonnangx@printfriendly.com,17.175.176.215
611,Ugo,Poll,upollgy@nhs.uk,7.175.149.214
612,Blake,Gairdner,bgairdnergz@simplemachines.org,105.60.198.209
613,Charisse,Jeanon,cjeanonh0@skype.com,131.211.216.51
614,Jefferey,Deluca,jdelucah1@discovery.com,65.163.38.158
615,Averil,Davidove,adavidoveh2@tmall.com,168.33.67.165
616,Roderic,Twamley,rtwamleyh3@prnewswire.com,141.70.100.251
617,Adrianna,McEnhill,amcenhillh4@auda.org.au,90.72.217.202
618,Barclay,Szymanzyk,bszymanzykh5@edublogs.org,216.71.218.15
619,Luce,Cornelleau,lcornelleauh6@nydailynews.com,160.136.65.92
620,Rustin,MacConnal,rmacconnalh7@unesco.org,208.250.131.250
621,Alta,Finessy,afinessyh8@house.gov,229.56.55.175
622,Benny,de Aguirre,bdeaguirreh9@ning.com,49.138.152.86
623,Zola,Tippell,ztippellha@washingtonpost.com,146.64.111.81
624,El,Northcliffe,enorthcliffehb@slate.com,10.218.82.252
625,Wayland,Seabrooke,wseabrookehc@github.com,86.241.71.121
626,Garrek,Dobel,gdobelhd@xinhuanet.com,87.46.51.243
627,Dirk,Gionettitti,dgionettittihe@china.com.cn,13.86.211.71
628,Hodge,Lynagh,hlynaghhf@independent.co.uk,34.120.200.146
629,Malissa,Ponte,mpontehg@google.pl,187.151.138.166
630,Errol,Nairn,enairnhh@amazon.de,95.213.180.11
631,Buckie,Sanper,bsanperhi@dot.gov,116.8.218.236
632,Frasier,Olekhov,folekhovhj@istockphoto.com,14.181.33.254
633,Madelyn,Ikins,mikinshk@tinyurl.com,147.216.35.75
634,Genovera,Van Halen,gvanhalenhl@jimdo.com,215.176.89.94
635,Noach,McLardie,nmclardiehm@ebay.co.uk,29.204.242.38
636,Gabriele,Kikke,gkikkehn@tripod.com,100.123.45.57
637,Guido,Bleaden,gbleadenho@microsoft.com,210.247.175.124
638,Giselbert,Ilett,giletthp@gmpg.org,189.250.226.248
639,Rianon,Maffi,rmaffihq@google.it,32.142.3.194
640,Kyrstin,Wipfler,kwipflerhr@last.fm,132.61.1.255
641,Mellie,Dudden,mduddenhs@walmart.com,113.210.122.254
642,Gusty,Hullins,ghullinsht@yahoo.com,114.76.217.174
643,Janel,Kleinfeld,jkleinfeldhu@ihg.com,54.223.8.129
644,Amelie,Andrejs,aandrejshv@nydailynews.com,65.206.255.210
645,Mathilde,Stabler,mstablerhw@chron.com,198.126.70.48
646,Wyn,Carrigan,wcarriganhx@networksolutions.com,165.199.193.54
647,Shauna,Saffill,ssaffillhy@jimdo.com,173.245.124.241
648,Aggi,Chillcot,achillcothz@webeden.co.uk,59.98.226.196
649,Ailyn,Skryne,askrynei0@furl.net,240.84.184.82
650,Merell,Goodbur,mgoodburi1@360.cn,139.208.123.218
651,Alyda,Riby,aribyi2@oracle.com,23.175.170.69
652,Mercie,Dowyer,mdowyeri3@rediff.com,81.3.98.184
653,Xerxes,Dearnly,xdearnlyi4@dot.gov,137.52.13.209
654,Brewster,MacSorley,bmacsorleyi5@telegraph.co.uk,239.108.190.65
655,Ab,Scardafield,ascardafieldi6@amazon.co.jp,222.232.127.246
656,Sophie,Louw,slouwi7@telegraph.co.uk,135.88.183.48
657,Gregorio,Anthon,ganthoni8@stanford.edu,23.116.203.170
658,Monte,Annand,mannandi9@seesaa.net,125.111.101.146
659,Monika,Jarville,mjarvilleia@technorati.com,211.18.25.14
660,Golda,Kitcher,gkitcherib@eventbrite.com,76.4.234.100
661,Chrisse,Ivantsov,civantsovic@ow.ly,81.11.150.101
662,Anny,Primarolo,aprimaroloid@imageshack.us,78.161.108.132
663,Dixie,Oddie,doddieie@lycos.com,38.206.7.12
664,Domingo,Showte,dshowteif@arizona.edu,10.136.33.208
665,Martynne,Cunniffe,mcunniffeig@cloudflare.com,162.4.45.114
666,Katusha,Gillespey,kgillespeyih@symantec.com,207.248.178.233
667,Caesar,Winders,cwindersii@adobe.com,217.240.15.132
668,Mersey,Sinnie,msinnieij@amazon.co.uk,136.191.207.109
669,Melina,Bawden,mbawdenik@fema.gov,46.7.237.223
670,Stefa,Corsham,scorshamil@xinhuanet.com,224.41.248.234
671,Cheston,Chamney,cchamneyim@twitter.com,116.124.159.109
672,Logan,Jevons,ljevonsin@howstuffworks.com,97.250.42.93
673,Cornie,Lewsy,clewsyio@baidu.com,32.113.93.154
674,Helen-elizabeth,Wattinham,hwattinhamip@g.co,135.240.200.242
675,Amabelle,McCaskill,amccaskilliq@multiply.com,63.17.14.84
676,Broderic,Biasio,bbiasioir@who.int,157.38.157.161
677,Bonnie,Stranio,bstraniois@cbc.ca,77.178.111.247
678,Clifford,Dominetti,cdominettiit@dailymotion.com,13.62.72.114
679,Domenico,Vondrasek,dvondrasekiu@uol.com.br,5.28.210.108
680,Kasey,MacKessock,kmackessockiv@t-online.de,31.6.222.16
681,Hendrika,Penkman,hpenkmaniw@i2i.jp,165.160.164.142
682,Almire,Rothera,arotheraix@people.com.cn,187.179.169.127
683,Ruperto,Hedin,rhediniy@census.gov,195.121.236.204
684,Deanne,Joist,djoistiz@cbsnews.com,185.219.184.130
685,Aline,Salvati,asalvatij0@ehow.com,127.186.80.160
686,Serge,Dougan,sdouganj1@indiegogo.com,191.11.110.189
687,Burg,Screase,bscreasej2@amazon.de,166.225.107.59
688,Wrennie,Roget,wrogetj3@a8.net,203.164.55.50
689,Hermie,Aitken,haitkenj4@arizona.edu,208.30.32.93
690,Zonnya,O'Henehan,zohenehanj5@webeden.co.uk,108.219.237.73
691,Kienan,Ferrers,kferrersj6@smh.com.au,152.30.189.155
692,Wilbur,Forman,wformanj7@canalblog.com,72.58.236.240
693,Weston,Olek,wolekj8@hexun.com,62.185.166.215
694,Laurette,Barfield,lbarfieldj9@acquirethisname.com,26.171.110.7
695,Shaina,Cords,scordsja@hatena.ne.jp,53.255.161.113
696,Eliot,Pringer,epringerjb@hhs.gov,117.219.161.126
697,Justina,Brandes,jbrandesjc@example.com,67.120.73.25
698,Iago,Radbone,iradbonejd@salon.com,230.123.67.92
699,Valida,Andrini,vandrinije@whitehouse.gov,44.19.71.121
700,Pail,Eggar,peggarjf@yellowpages.com,35.100.4.110
701,Salaidh,Bollin,sbollinjg@cnet.com,133.206.43.170
702,Trev,Attwell,tattwelljh@feedburner.com,9.95.165.218
703,Nellie,Bapty,nbaptyji@gnu.org,45.23.242.166
704,Jo-anne,Desaur,jdesaurjj@simplemachines.org,90.93.197.27
705,Odella,McFetrich,omcfetrichjk@psu.edu,157.69.20.152
706,Henry,Skoggins,hskogginsjl@jiathis.com,2.225.202.30
707,Madlen,Fandrich,mfandrichjm@usgs.gov,25.248.160.24
708,Garrott,Coye,gcoyejn@amazon.com,221.90.146.84
709,Jabez,Macek,jmacekjo@engadget.com,49.142.42.242
710,Adda,Ropkes,aropkesjp@nationalgeographic.com,99.44.215.190
711,Stanly,Pinwill,spinwilljq@macromedia.com,31.43.69.142
712,Spenser,Gebby,sgebbyjr@etsy.com,230.235.65.70
713,Jolyn,Dron,jdronjs@vistaprint.com,98.12.14.8
714,Euphemia,Easum,eeasumjt@weather.com,225.229.218.158
715,Nefen,Springate,nspringateju@redcross.org,132.168.126.133
716,Leoline,Jarmaine,ljarmainejv@chron.com,139.187.157.156
717,Loutitia,Brawn,lbrawnjw@plala.or.jp,94.16.3.120
718,Bartholomeo,Capon,bcaponjx@wp.com,83.242.189.209
719,Berky,Traise,btraisejy@xrea.com,137.86.240.28
720,Carlyn,Jacks,cjacksjz@tripadvisor.com,58.76.150.8
721,Mac,Gresch,mgreschk0@elpais.com,98.129.84.117
722,Lissy,Boulden,lbouldenk1@yahoo.com,159.170.78.223
723,Stanly,Justun,sjustunk2@geocities.jp,0.130.226.39
724,Violette,Saddler,vsaddlerk3@sakura.ne.jp,53.170.157.66
725,Leann,Avard,lavardk4@eepurl.com,215.105.105.17
726,Lucille,Cadany,lcadanyk5@netlog.com,225.86.2.121
727,Waylin,Channon,wchannonk6@wired.com,211.137.234.184
728,Abramo,Hanbridge,ahanbridgek7@blogs.com,160.74.53.5
729,Tabor,Ackerman,tackermank8@live.com,67.28.227.222
730,Jennilee,Blundon,jblundonk9@imdb.com,148.9.2.147
731,Torre,Bowdrey,tbowdreyka@privacy.gov.au,219.217.37.124
732,Lynsey,Inman,linmankb@wikimedia.org,136.31.146.102
733,Barry,Fratson,bfratsonkc@marketwatch.com,166.249.4.226
734,Mason,Colyer,mcolyerkd@github.io,14.77.224.128
735,Jervis,Francescozzi,jfrancescozzike@dion.ne.jp,246.240.151.57
736,Stefanie,Atchly,satchlykf@4shared.com,221.161.22.96
737,Nathanil,Bru,nbrukg@chicagotribune.com,152.170.149.105
738,Norrie,Rubra,nrubrakh@cmu.edu,37.122.72.114
739,Carlynn,Dawson,cdawsonki@pbs.org,247.150.67.57
740,Batholomew,Messent,bmessentkj@samsung.com,102.80.250.149
741,Audi,Hounson,ahounsonkk@unc.edu,242.189.159.162
742,Annmarie,Lippett,alippettkl@flavors.me,140.154.114.251
743,Lovell,Burchett,lburchettkm@4shared.com,255.189.246.82
744,Elenore,Wycliffe,ewycliffekn@clickbank.net,86.105.26.248
745,Ewan,Casini,ecasiniko@dmoz.org,106.231.211.255
746,Tova,Piatkow,tpiatkowkp@shop-pro.jp,87.178.232.96
747,Prissie,Grigor,pgrigorkq@bloomberg.com,0.147.170.203
748,Colman,Auten,cautenkr@vinaora.com,39.55.27.198
749,Reagen,Burrage,rburrageks@stumbleupon.com,122.245.247.198
750,Shepherd,Lenham,slenhamkt@newyorker.com,178.104.211.214
751,Vladimir,Adao,vadaoku@whitehouse.gov,53.211.205.132
752,Chrotoem,Finlaison,cfinlaisonkv@gmpg.org,2.23.28.1
753,Katuscha,Owenson,kowensonkw@twitter.com,78.81.106.45
754,Thaxter,Parnby,tparnbykx@constantcontact.com,254.236.133.83
755,Belicia,Muddle,bmuddleky@cargocollective.com,166.212.217.43
756,Massimiliano,Maven,mmavenkz@flickr.com,167.103.132.82
757,Eda,Bidewel,ebidewell0@home.pl,50.224.65.22
758,Maddie,Larvor,mlarvorl1@surveymonkey.com,14.7.200.174
759,Ashla,Cutress,acutressl2@timesonline.co.uk,253.120.117.46
760,Curran,Lots,clotsl3@harvard.edu,207.4.173.227
761,Gideon,Rounce,grouncel4@drupal.org,240.195.113.176
762,Augusta,de Wilde,adewildel5@archive.org,33.53.175.212
763,Maurise,Ranscomb,mranscombl6@mapquest.com,72.106.142.31
764,Drucill,Killimister,dkillimisterl7@sciencedirect.com,16.86.255.115
765,Arleyne,Dukesbury,adukesburyl8@mlb.com,247.156.126.38
766,Kalil,Saiens,ksaiensl9@printfriendly.com,128.9.199.41
767,Gaylord,Krikorian,gkrikorianla@marriott.com,56.108.231.243
768,Rustie,Garber,rgarberlb@spiegel.de,144.22.86.222
769,Chelsea,Tuckerman,ctuckermanlc@hp.com,75.142.172.199
770,Shaina,Filon,sfilonld@myspace.com,191.72.18.40
771,Jeanna,Vowdon,jvowdonle@walmart.com,159.189.28.197
772,Frances,Challenger,fchallengerlf@goodreads.com,130.244.108.228
773,Misty,Beek,mbeeklg@yolasite.com,68.14.73.11
774,Bernelle,Dudek,bdudeklh@cdc.gov,138.46.145.22
775,Giuditta,BURWIN,gburwinli@google.it,191.100.39.240
776,Deedee,Quarlis,dquarlislj@comsenz.com,211.77.67.109
777,Adham,Swanne,aswannelk@cisco.com,166.152.91.177
778,Aylmer,Tomczak,atomczakll@xinhuanet.com,188.62.221.255
779,Reamonn,Girdwood,rgirdwoodlm@acquirethisname.com,207.36.167.82
780,Maddy,Dood,mdoodln@1688.com,118.91.120.221
781,Leonanie,Grombridge,lgrombridgelo@mozilla.org,19.71.193.196
782,Celestyna,Carlino,ccarlinolp@dedecms.com,19.224.54.224
783,Terrell,Bucklee,tbuckleelq@ucoz.com,65.153.59.130
784,Boothe,Charle,bcharlelr@buzzfeed.com,89.25.160.235
785,Vasily,Shilburne,vshilburnels@theglobeandmail.com,118.62.179.93
786,Mei,Behnen,mbehnenlt@exblog.jp,195.23.244.134
787,Mariana,Lovett,mlovettlu@goo.ne.jp,34.214.20.159
788,Clementius,Caswill,ccaswilllv@sina.com.cn,68.74.143.72
789,Harley,Neylan,hneylanlw@etsy.com,227.8.88.13
790,Israel,Heale,ihealelx@opera.com,123.143.6.188
791,Avivah,Yegorshin,ayegorshinly@yandex.ru,30.68.191.91
792,Maryrose,Frostdick,mfrostdicklz@furl.net,228.141.163.72
793,Sela,Whitebrook,swhitebrookm0@washington.edu,131.68.21.116
794,Vevay,Sperring,vsperringm1@joomla.org,105.4.153.178
795,Margaretta,Fowlds,mfowldsm2@goo.ne.jp,102.45.211.145
796,Betteanne,Mosdell,bmosdellm3@canalblog.com,169.53.152.219
797,Reagan,Portt,rporttm4@ebay.com,138.196.164.238
798,Andrew,Goggin,agogginm5@constantcontact.com,96.82.188.252
799,Evangeline,Milsted,emilstedm6@jugem.jp,60.110.199.228
800,Sumner,Choke,schokem7@rambler.ru,113.241.59.54
801,Nick,Suttaby,nsuttabym8@home.pl,69.228.59.30
802,Justis,Pikesley,jpikesleym9@narod.ru,150.139.63.5
803,Freeland,Lark,flarkma@e-recht24.de,114.191.131.201
804,Wylma,Horwell,whorwellmb@java.com,79.236.151.213
805,Fleming,Marsham,fmarshammc@stumbleupon.com,190.60.19.177
806,Adriaens,O'Brollachain,aobrollachainmd@google.de,182.11.63.128
807,Barbi,Weatherby,bweatherbyme@qq.com,146.152.223.131
808,Theadora,Antonacci,tantonaccimf@businesswire.com,8.174.15.55
809,Morley,Ferraretto,mferrarettomg@craigslist.org,187.138.246.197
810,Tailor,Hoofe,thoofemh@mail.ru,61.107.88.15
811,Cristen,Orrobin,corrobinmi@dell.com,222.207.173.212
812,Benn,Gerger,bgergermj@nhs.uk,108.106.198.129
813,Beckie,Cordel,bcordelmk@arstechnica.com,212.2.36.188
814,Row,Tender,rtenderml@usatoday.com,251.3.248.245
815,Leona,Renard,lrenardmm@alexa.com,185.22.138.238
816,Amalia,Aneley,aaneleymn@e-recht24.de,31.162.2.126
817,Auguste,Heak,aheakmo@typepad.com,181.244.65.247
818,Klarrisa,Ferenczy,kferenczymp@nih.gov,27.159.233.17
819,Hoebart,Ocklin,hocklinmq@guardian.co.uk,6.200.164.178
820,Carilyn,Witherington,cwitheringtonmr@mtv.com,250.20.244.152
821,Stanislaw,Juzek,sjuzekms@squarespace.com,76.124.227.154
822,Wadsworth,Duffil,wduffilmt@admin.ch,220.53.108.201
823,Saba,Rames,sramesmu@forbes.com,70.68.20.242
824,Carly,Feldbaum,cfeldbaummv@shop-pro.jp,226.21.51.148
825,Bealle,Hestrop,bhestropmw@amazon.co.jp,241.114.170.39
826,Liana,Meldon,lmeldonmx@ehow.com,85.126.246.134
827,Shepperd,Quarrie,squarriemy@mapy.cz,209.13.116.108
828,Burgess,Peniello,bpeniellomz@printfriendly.com,213.238.41.71
829,Doralia,Swindell,dswindelln0@mozilla.com,41.99.215.211
830,Ansell,Glencross,aglencrossn1@surveymonkey.com,118.17.163.108
831,Margaret,Beuscher,mbeuschern2@va.gov,196.220.43.119
832,Irena,Clews,iclewsn3@pinterest.com,72.121.99.193
833,Kata,Barensen,kbarensenn4@mac.com,138.223.77.63
834,Philly,Burgen,pburgenn5@latimes.com,156.48.171.190
835,Ravi,Searight,rsearightn6@businessinsider.com,6.84.243.1
836,Shaun,Chitty,schittyn7@apache.org,111.245.44.236
837,Ty,Hinkins,thinkinsn8@usatoday.com,203.47.19.16
838,Xavier,Leipnik,xleipnikn9@businesswire.com,12.49.64.107
839,Sibelle,Pantling,spantlingna@shinystat.com,190.227.63.120
840,Em,Itzig,eitzignb@ucla.edu,167.144.62.186
841,Henrietta,Tuckwood,htuckwoodnc@blogs.com,30.243.111.58
842,Cort,Taffe,ctaffend@army.mil,136.148.10.153
843,Grata,Nunson,gnunsonne@simplemachines.org,91.193.29.84
844,Aurelia,Jewer,ajewernf@epa.gov,203.152.44.51
845,Stillman,Lamshead,slamsheadng@cocolog-nifty.com,194.156.36.184
846,Fernandina,Haysom,fhaysomnh@sun.com,13.253.175.247
847,Marion,Tofano,mtofanoni@cpanel.net,230.151.27.253
848,Marybelle,Probets,mprobetsnj@marketwatch.com,219.9.194.121
849,Tanya,Bernardelli,tbernardellink@yahoo.com,154.214.141.132
850,Konstanze,Gutch,kgutchnl@themeforest.net,8.230.84.172
851,Shannah,Bowser,sbowsernm@miibeian.gov.cn,41.165.117.76
852,Barret,Duffer,bduffernn@time.com,240.88.239.161
853,Daisie,Clemenzo,dclemenzono@ustream.tv,76.212.127.188
854,See,Lauritzen,slauritzennp@plala.or.jp,122.11.52.219
855,Wade,Gogie,wgogienq@acquirethisname.com,104.100.148.53
856,Quintana,Rowena,qrowenanr@webs.com,73.8.11.181
857,Jamison,Simonsen,jsimonsenns@pcworld.com,40.34.126.187
858,Carleen,Boffey,cboffeynt@nymag.com,170.28.142.173
859,Camila,McGorman,cmcgormannu@foxnews.com,201.143.146.50
860,Barnabe,Jeskins,bjeskinsnv@wikia.com,190.59.220.24
861,Jeddy,Tummons,jtummonsnw@amazon.de,109.123.23.94
862,Beatrix,Jacquemy,bjacquemynx@harvard.edu,147.128.106.99
863,Loella,Whorlton,lwhorltonny@ow.ly,50.111.158.195
864,Merralee,Morrid,mmorridnz@myspace.com,249.176.19.218
865,Drucill,Outibridge,doutibridgeo0@skyrock.com,181.171.42.93
866,Willyt,Lowles,wlowleso1@netscape.com,82.171.74.252
867,Oren,Killelay,okillelayo2@reuters.com,175.194.158.127
868,Malcolm,Skipping,mskippingo3@histats.com,222.14.98.16
869,Alfie,McGenis,amcgeniso4@independent.co.uk,79.5.30.84
870,Lavina,Perrelle,lperrelleo5@princeton.edu,25.33.148.10
871,Piotr,Bloxsum,pbloxsumo6@admin.ch,66.88.237.18
872,Judy,Kunkel,jkunkelo7@sphinn.com,100.56.136.112
873,Matty,Watting,mwattingo8@wiley.com,179.67.10.190
874,Quinta,Pettegre,qpettegreo9@sciencedaily.com,45.98.131.240
875,Shirline,McFarlane,smcfarlaneoa@dyndns.org,181.70.133.101
876,Bonnibelle,Spivey,bspiveyob@senate.gov,98.253.218.40
877,Penni,Malkinson,pmalkinsonoc@storify.com,232.199.130.100
878,Teddi,Ionnisian,tionnisianod@psu.edu,54.83.246.168
879,Vittoria,Clackson,vclacksonoe@ca.gov,179.63.80.246
880,Evie,Lefley,elefleyof@yale.edu,41.107.137.240
881,Gerri,Shee,gsheeog@deliciousdays.com,146.75.234.240
882,Violet,Wimms,vwimmsoh@smugmug.com,128.231.238.31
883,Carmon,Tease,cteaseoi@shop-pro.jp,96.120.102.119
884,Skipp,Brahan,sbrahanoj@timesonline.co.uk,90.61.149.203
885,Lizabeth,Cromer,lcromerok@bloomberg.com,222.44.232.69
886,Indira,Kebell,ikebellol@about.com,50.45.126.243
887,Anita,Cowin,acowinom@washington.edu,159.101.116.129
888,Timofei,Ennever,tenneveron@answers.com,240.172.51.1
889,Perice,Boddis,pboddisoo@skype.com,145.219.45.58
890,Sella,Jeffs,sjeffsop@dell.com,145.109.24.87
891,Wilhelmine,MacIlwrick,wmacilwrickoq@sciencedirect.com,19.105.128.172
892,Hortensia,Pancoust,hpancoustor@xinhuanet.com,112.151.139.212
893,Ripley,Fishbourne,rfishbourneos@bloglines.com,105.7.204.216
894,Emogene,Rustman,erustmanot@stanford.edu,163.148.197.33
895,Aloise,Rumens,arumensou@comcast.net,110.13.141.197
896,Katusha,Elcome,kelcomeov@wikia.com,245.1.115.245
897,Lula,Pignon,lpignonow@state.tx.us,121.221.218.12
898,Guinna,Kubiak,gkubiakox@earthlink.net,125.72.188.80
899,Der,Arnli,darnlioy@si.edu,206.38.194.126
900,Mattie,Rawcliffe,mrawcliffeoz@ed.gov,128.127.76.112
901,Gaven,Glennard,gglennardp0@so-net.ne.jp,88.112.90.191
902,Tammy,Pepon,tpeponp1@phoca.cz,131.231.17.74
903,Janeta,Eckert,jeckertp2@dot.gov,64.190.58.189
904,Jacklyn,Aleksandrikin,jaleksandrikinp3@furl.net,86.108.175.241
905,Rodrique,Deaville,rdeavillep4@paginegialle.it,63.34.74.64
906,Joly,London,jlondonp5@google.co.uk,15.151.160.83
907,Willard,Cristofanini,wcristofaninip6@51.la,154.63.69.209
908,Isidoro,Glendza,iglendzap7@columbia.edu,44.241.249.154
909,Cassandre,Westmarland,cwestmarlandp8@feedburner.com,124.127.172.116
910,Christian,Ivett,civettp9@google.ru,10.17.115.184
911,Catharina,Merchant,cmerchantpa@cyberchimps.com,178.113.195.21
912,Normy,Benham,nbenhampb@privacy.gov.au,200.108.165.124
913,Iolande,Castagnone,icastagnonepc@si.edu,126.255.231.197
914,Billie,Patmore,bpatmorepd@shutterfly.com,244.105.115.216
915,Guthrey,Mallalieu,gmallalieupe@google.ru,94.226.12.82
916,Laurence,Linsay,llinsaypf@barnesandnoble.com,36.33.70.244
917,Doralynne,Simonian,dsimonianpg@about.me,139.142.76.111
918,Rycca,Imort,rimortph@friendfeed.com,143.118.53.81
919,Myrtice,Langshaw,mlangshawpi@instagram.com,249.241.148.242
920,Susana,Sabate,ssabatepj@smugmug.com,198.83.10.96
921,Edd,Blabey,eblabeypk@engadget.com,188.190.76.142
922,Caleb,Kytter,ckytterpl@dropbox.com,133.47.125.227
923,Ameline,Iskowicz,aiskowiczpm@cloudflare.com,196.81.210.101
924,Sawyere,Elcomb,selcombpn@creativecommons.org,113.235.123.64
925,Ailey,Brager,abragerpo@skyrock.com,217.100.184.188
926,Krystalle,Guidera,kguiderapp@census.gov,118.150.43.154
927,Alisa,Daubeny,adaubenypq@dell.com,166.220.74.141
928,Stu,Maddick,smaddickpr@soup.io,171.106.66.31
929,Patrizio,Berkley,pberkleyps@diigo.com,21.95.204.116
930,Lancelot,Tathacott,ltathacottpt@prnewswire.com,118.151.22.205
931,Ellery,Partlett,epartlettpu@dion.ne.jp,175.102.231.231
932,Baldwin,Buttrey,bbuttreypv@ehow.com,139.123.25.104
933,Marchelle,Farrance,mfarrancepw@bing.com,73.6.152.46
934,Veronike,Blain,vblainpx@biglobe.ne.jp,138.144.149.211
935,Cissy,Benez,cbenezpy@shutterfly.com,118.61.64.23
936,Zorana,Docwra,zdocwrapz@census.gov,52.220.116.139
937,Baird,Bernot,bbernotq0@example.com,49.16.220.106
938,Carri,Granger,cgrangerq1@histats.com,110.48.153.147
939,Bartlet,MacDavitt,bmacdavittq2@nasa.gov,77.69.8.252
940,Rossie,Dalgarnocht,rdalgarnochtq3@marriott.com,226.16.86.37
941,Ceil,Esparza,cesparzaq4@npr.org,172.73.150.134
942,Giacopo,Hertwell,ghertwellq5@taobao.com,150.45.97.194
943,Boy,Gartery,bgarteryq6@nationalgeographic.com,180.237.245.75
944,Wayne,Parvin,wparvinq7@redcross.org,11.117.213.87
945,Maurice,Grzegorzewski,mgrzegorzewskiq8@google.it,5.136.247.251
946,Jodee,Deverall,jdeverallq9@aboutads.info,114.173.71.221
947,Aleksandr,Warlaw,awarlawqa@discovery.com,20.206.201.102
948,Elicia,Kunneke,ekunnekeqb@blogger.com,208.148.238.190
949,Cassandra,Danielot,cdanielotqc@globo.com,175.176.124.177
950,Courtney,Smithyman,csmithymanqd@sogou.com,200.115.166.211
951,Braden,Rackstraw,brackstrawqe@home.pl,173.9.134.29
952,Kylen,Eisenberg,keisenbergqf@businessweek.com,237.53.127.110
953,Rosalinda,Chazerand,rchazerandqg@discuz.net,160.171.112.247
954,Claudius,Creber,ccreberqh@flickr.com,163.210.211.74
955,Alane,Riehm,ariehmqi@yellowpages.com,100.125.228.145
956,Othello,Weyland,oweylandqj@blogtalkradio.com,191.241.181.176
957,Zared,Laurenty,zlaurentyqk@paypal.com,63.145.65.89
958,Sophi,Slograve,sslograveql@senate.gov,118.187.178.76
959,Florenza,Ludewig,fludewigqm@creativecommons.org,244.147.113.253
960,Jolyn,Irdale,jirdaleqn@microsoft.com,150.168.74.247
961,Aridatha,Caldicot,acaldicotqo@businessweek.com,70.31.106.184
962,Wynnie,Pylkynyton,wpylkynytonqp@a8.net,53.73.203.246
963,Woodrow,Hanse,whanseqq@creativecommons.org,82.11.59.80
964,Bernelle,Routledge,broutledgeqr@marketwatch.com,186.222.7.174
965,Giacinta,Batha,gbathaqs@mayoclinic.com,167.135.48.166
966,Daryle,Sailor,dsailorqt@indiatimes.com,11.62.198.43
967,Dawn,Mozzi,dmozziqu@friendfeed.com,247.137.173.133
968,Gunther,Pasley,gpasleyqv@mozilla.org,254.136.130.69
969,Sanders,Pears,spearsqw@bloglines.com,154.246.21.95
970,Andie,Blaszkiewicz,ablaszkiewiczqx@parallels.com,27.80.202.229
971,Lexie,Mobley,lmobleyqy@photobucket.com,164.20.122.50
972,Lydie,Winfrey,lwinfreyqz@imageshack.us,200.6.27.135
973,Anissa,De Carlo,adecarlor0@cbslocal.com,242.190.65.140
974,Cobb,Philippon,cphilipponr1@psu.edu,15.4.169.197
975,Alden,Lowe,alower2@bizjournals.com,23.33.17.249
976,John,Scottesmoor,jscottesmoorr3@dion.ne.jp,215.207.23.81
977,Taite,Sor,tsorr4@economist.com,20.111.173.206
978,Audry,Pedycan,apedycanr5@livejournal.com,81.128.81.157
979,Ignacio,Keunemann,ikeunemannr6@weibo.com,19.128.218.253
980,Toby,Chapell,tchapellr7@vk.com,64.152.38.143
981,Oran,Gaudon,ogaudonr8@taobao.com,216.21.70.210
982,Emlen,O'Logan,eologanr9@xinhuanet.com,55.0.168.195
983,Dael,Sweetland,dsweetlandra@ameblo.jp,73.201.185.134
984,Tootsie,Simco,tsimcorb@creativecommons.org,14.92.143.118
985,Kathlin,Kensall,kkensallrc@acquirethisname.com,54.11.180.243
986,Hubey,Stanhope,hstanhoperd@domainmarket.com,233.166.254.222
987,Raymond,Ayscough,rayscoughre@cmu.edu,210.234.79.85
988,Marcel,Beatens,mbeatensrf@storify.com,93.18.127.200
989,Lana,Taylot,ltaylotrg@usda.gov,63.251.34.8
990,Fraze,Gerardet,fgerardetrh@wikispaces.com,12.215.34.210
991,Shayne,Mayler,smaylerri@weather.com,74.142.81.241
992,Rudy,Redpath,rredpathrj@liveinternet.ru,134.195.165.145
993,Carlene,Bilton,cbiltonrk@usgs.gov,11.184.21.55
994,Arlyn,Knill,aknillrl@twitpic.com,208.99.37.25
995,Chloris,Pendlington,cpendlingtonrm@redcross.org,88.79.211.40
996,Bronny,De la Barre,bdelabarrern@privacy.gov.au,23.77.190.182
997,Logan,Coldham,lcoldhamro@ibm.com,55.199.112.51
998,Renee,Naul,rnaulrp@feedburner.com,189.25.196.211
999,Gertruda,Cinavas,gcinavasrq@nasa.gov,198.154.87.118
1000,Darby,Fontenot,dfontenotrr@hubpages.com,237.231.67.126
